{"proxies":{"de.marcbender.nsfw.TiNsfwModule":{"superPackageName":"org.appcelerator.kroll","methods":{"checkImage":{"runOnUiThread":false,"hasInvocation":false,"args":[{"converter":"org.appcelerator.kroll.KrollConverter","defaultValueProvider":"org.appcelerator.kroll.KrollConverter","name":"params","sourceName":"params","type":"org.appcelerator.kroll.KrollDict"}],"apiName":"checkImage","converter":"org.appcelerator.kroll.KrollConverter","defaultValueProvider":"org.appcelerator.kroll.KrollConverter","name":"__default_name__","returnType":"void"}},"superProxyBindingClassName":"org.appcelerator.kroll.KrollModuleBindingGen","proxyClassName":"TiNsfwModule","proxyAttrs":{"propertyAccessors":[],"fullAPIName":"TiNsfw","name":"TiNsfw","proxyClassName":"de.marcbender.nsfw.TiNsfwModule","isTopLevel":false,"id":"de.marcbender.nsfw"},"packageName":"de.marcbender.nsfw","sourceName":"de.marcbender.nsfw.TiNsfwModuleBindingGen","isTitaniumSdk":false,"superProxyClassName":"KrollModule","isModule":true,"genClassName":"TiNsfwModuleBindingGen","onAppCreate":"onAppCreate"}},"modules":{"de.marcbender.nsfw.TiNsfwModule":{"apiName":"TiNsfw"}}}