[
  {
    "shortDescription" : "",
    "metadataOutputVersion" : "3.0",
    "outputSchema" : [
      {
        "isOptional" : "0",
        "keyType" : "String",
        "formattedType" : "Dictionary (String → Double)",
        "type" : "Dictionary",
        "name" : "output",
        "shortDescription" : ""
      },
      {
        "isOptional" : "0",
        "formattedType" : "String",
        "type" : "String",
        "name" : "classLabel",
        "shortDescription" : ""
      }
    ],
    "version" : "",
    "modelParameters" : [

    ],
    "author" : "",
    "specificationVersion" : 1,
    "license" : "",
    "isUpdatable" : "0",
    "availability" : {
      "macOS" : "10.13",
      "tvOS" : "11.0",
      "watchOS" : "4.0",
      "iOS" : "11.0",
      "macCatalyst" : "11.0"
    },
    "modelType" : {
      "name" : "MLModelType_neuralNetworkClassifier"
    },
    "inputSchema" : [
      {
        "height" : "224",
        "colorspace" : "RGB",
        "isOptional" : "0",
        "width" : "224",
        "isColor" : "1",
        "formattedType" : "Image (Color 224 × 224)",
        "hasSizeFlexibility" : "0",
        "type" : "Image",
        "shortDescription" : "",
        "name" : "image"
      }
    ],
    "classLabels" : [
      "Neutral",
      "Porn",
      "Sexy"
    ],
    "generatedClassName" : "Nudity2",
    "userDefinedMetadata" : {

    },
    "neuralNetworkLayerTypeHistogram" : {
      "ActivationLinear" : 70,
      "ActivationReLU" : 36,
      "Flatten" : 1,
      "Softmax" : 1,
      "Add" : 10,
      "PoolingAverage" : 1,
      "UnaryThreshold" : 35,
      "BatchNorm" : 53,
      "Convolution" : 52,
      "InnerProduct" : 2,
      "PaddingConstant" : 5
    },
    "method" : "predict"
  }
]